{"cameraMode":{"drawMode":0,"name":"Shaded","section":"Shading Mode"},"sceneLighting":true,"audioPlay":false,"sceneViewState":{"m_AlwaysRefresh":false,"showFog":true,"showSkybox":false,"showFlares":true,"showImageEffects":true,"showParticleSystems":true,"showVisualEffectGraphs":true,"m_FxEnabled":true},"in2DMode":false,"pivot":{"x":-0.919044017791748,"y":0.35638269782066347,"z":-2.2922885417938234},"rotation":{"x":0.027819273993372918,"y":0.4347604513168335,"z":-0.013434319756925106,"w":0.9000223278999329},"size":1.7235138416290284,"orthographic":false}