{"cameraMode":{"drawMode":0,"name":"Shaded","section":"Shading Mode"},"sceneLighting":true,"audioPlay":false,"sceneViewState":{"m_AlwaysRefresh":false,"showFog":true,"showSkybox":true,"showFlares":true,"showImageEffects":true,"showParticleSystems":true,"showVisualEffectGraphs":true,"m_FxEnabled":true},"in2DMode":false,"pivot":{"x":46.25794219970703,"y":-33.6898193359375,"z":342.23516845703127},"rotation":{"x":0.07114218920469284,"y":-0.1734689325094223,"z":0.012623329646885395,"w":0.9822758436203003},"size":149.15887451171876,"orthographic":false}