{"cameraMode":{"drawMode":0,"name":"Shaded","section":"Shading Mode"},"sceneLighting":true,"audioPlay":false,"sceneViewState":{"m_AlwaysRefresh":false,"showFog":true,"showSkybox":false,"showFlares":true,"showImageEffects":true,"showParticleSystems":true,"showVisualEffectGraphs":true,"m_FxEnabled":true},"in2DMode":false,"pivot":{"x":-1.5254781246185303,"y":0.3847927749156952,"z":2.4276328086853029},"rotation":{"x":0.06753148883581162,"y":0.15352720022201539,"z":-0.01051416527479887,"w":0.9857838153839111},"size":0.13306455314159394,"orthographic":false}